#,Username
1,raalhu_rider
2,ehkala_latheef
3,wave_125
4,bodu_mas
5,kuda_mas
6,kokko_beybe
7,dhigu_meeha
8,kulajehi_gamees
9,sai_thashi
10,disc_mashuni
11,muranakuri_roshi
12,kandu_rasgefaanu
13,baraboa_riha
14,fandithahadhaa_sheikh
15,mushi_mas
16,haamundi_meeha
17,kihineh_bro
18,varah_sakaraai
19,boa_fen
20,basahaa_kujja
21,rashuge_katheebu
22,vaguthee_manzil
23,billoori_villa
24,meeru_finifenmaa
25,bondibaiy_boss
26,supari_bro
27,valhoamas_master
28,rihaakuru_dhiya
29,moya_golaa
30,dhon_manje
31,ammayaai_dhen
32,majilis_member
33,dhivehi_ninja
34,kulhi_riha
35,sigma_katheebu
36,npc_meeha
37,phase2_resident
38,bajiya_lover
39,ekamaku_dho
40,bodu_cringe
41,dhoani_rizz
42,boakibaa_hedhika
43,bohkuraa_dhoani
44,kandu_mas
45,bis_roshi
46,abadhu_rony
47,ammata_sidi
48,kanmathi_dhatha
49,santhi_mariyanbu
50,foolhu_dhiguhandi
